"0","table(rain1_table[,2])/28801"
"1","
"
"1","           0 "
"1","           1 "
"1","           2 "
"1","           3 "
"1","           4 "
"1","           5 "
"1","
"
"1","9.211139e-01 "
"1","5.607444e-02 "
"1","1.315927e-02 "
"1","5.347037e-03 "
"1","2.291587e-03 "
"1","1.423562e-03 "
"1","
"
"1","           6 "
"1","           7 "
"1","           9 "
"1","
"
"1","4.513732e-04 "
"1","1.041630e-04 "
"1","3.472102e-05 "
"1","
"
